[{"model": "admin.logentry", "pk": 1, "fields": {"action_time": "2025-03-31T06:43:21.345Z", "user": 1, "content_type": 9, "object_id": "1", "object_repr": "Carousel object (1)", "action_flag": 1, "change_message": "[{\"added\": {}}]"}}, {"model": "admin.logentry", "pk": 2, "fields": {"action_time": "2025-03-31T06:43:40.058Z", "user": 1, "content_type": 9, "object_id": "2", "object_repr": "Carousel object (2)", "action_flag": 1, "change_message": "[{\"added\": {}}]"}}, {"model": "admin.logentry", "pk": 3, "fields": {"action_time": "2025-03-31T06:44:05.133Z", "user": 1, "content_type": 9, "object_id": "3", "object_repr": "Carousel object (3)", "action_flag": 1, "change_message": "[{\"added\": {}}]"}}, {"model": "admin.logentry", "pk": 4, "fields": {"action_time": "2025-03-31T06:46:04.920Z", "user": 1, "content_type": 10, "object_id": "1", "object_repr": "Розы", "action_flag": 1, "change_message": "[{\"added\": {}}]"}}, {"model": "admin.logentry", "pk": 5, "fields": {"action_time": "2025-03-31T06:46:11.952Z", "user": 1, "content_type": 10, "object_id": "2", "object_repr": "Пионы", "action_flag": 1, "change_message": "[{\"added\": {}}]"}}, {"model": "admin.logentry", "pk": 6, "fields": {"action_time": "2025-03-31T06:46:16.103Z", "user": 1, "content_type": 10, "object_id": "3", "object_repr": "Ирисы", "action_flag": 1, "change_message": "[{\"added\": {}}]"}}, {"model": "admin.logentry", "pk": 7, "fields": {"action_time": "2025-03-31T06:46:29.790Z", "user": 1, "content_type": 11, "object_id": "1", "object_repr": "День рождения", "action_flag": 1, "change_message": "[{\"added\": {}}]"}}, {"model": "admin.logentry", "pk": 8, "fields": {"action_time": "2025-03-31T06:46:36.668Z", "user": 1, "content_type": 11, "object_id": "2", "object_repr": "Свадьба", "action_flag": 1, "change_message": "[{\"added\": {}}]"}}, {"model": "admin.logentry", "pk": 9, "fields": {"action_time": "2025-03-31T06:46:43.315Z", "user": 1, "content_type": 11, "object_id": "3", "object_repr": "Свидание", "action_flag": 1, "change_message": "[{\"added\": {}}]"}}, {"model": "admin.logentry", "pk": 10, "fields": {"action_time": "2025-03-31T06:48:34.082Z", "user": 1, "content_type": 9, "object_id": "3", "object_repr": "Carousel object (3)", "action_flag": 2, "change_message": "[{\"changed\": {\"fields\": [\"\\u0424\\u043e\\u0442\\u043e\"]}}]"}}, {"model": "admin.logentry", "pk": 11, "fields": {"action_time": "2025-03-31T06:51:50.509Z", "user": 1, "content_type": 12, "object_id": "1", "object_repr": "Букет \"Сафари\" из лейко, роз, ранункулюсов, фрезий, скиммии и орнитагалума", "action_flag": 1, "change_message": "[{\"added\": {}}, {\"added\": {\"name\": \"\\u0424\\u043e\\u0442\\u043e\", \"object\": \"\\u0424\\u043e\\u0442\\u043e \\u0434\\u043b\\u044f \\u0411\\u0443\\u043a\\u0435\\u0442 \\\"\\u0421\\u0430\\u0444\\u0430\\u0440\\u0438\\\" \\u0438\\u0437 \\u043b\\u0435\\u0439\\u043a\\u043e, \\u0440\\u043e\\u0437, \\u0440\\u0430\\u043d\\u0443\\u043d\\u043a\\u0443\\u043b\\u044e\\u0441\\u043e\\u0432, \\u0444\\u0440\\u0435\\u0437\\u0438\\u0439, \\u0441\\u043a\\u0438\\u043c\\u043c\\u0438\\u0438 \\u0438 \\u043e\\u0440\\u043d\\u0438\\u0442\\u0430\\u0433\\u0430\\u043b\\u0443\\u043c\\u0430\"}}, {\"added\": {\"name\": \"\\u0424\\u043e\\u0442\\u043e\", \"object\": \"\\u0424\\u043e\\u0442\\u043e \\u0434\\u043b\\u044f \\u0411\\u0443\\u043a\\u0435\\u0442 \\\"\\u0421\\u0430\\u0444\\u0430\\u0440\\u0438\\\" \\u0438\\u0437 \\u043b\\u0435\\u0439\\u043a\\u043e, \\u0440\\u043e\\u0437, \\u0440\\u0430\\u043d\\u0443\\u043d\\u043a\\u0443\\u043b\\u044e\\u0441\\u043e\\u0432, \\u0444\\u0440\\u0435\\u0437\\u0438\\u0439, \\u0441\\u043a\\u0438\\u043c\\u043c\\u0438\\u0438 \\u0438 \\u043e\\u0440\\u043d\\u0438\\u0442\\u0430\\u0433\\u0430\\u043b\\u0443\\u043c\\u0430\"}}, {\"added\": {\"name\": \"\\u0424\\u043e\\u0442\\u043e\", \"object\": \"\\u0424\\u043e\\u0442\\u043e \\u0434\\u043b\\u044f \\u0411\\u0443\\u043a\\u0435\\u0442 \\\"\\u0421\\u0430\\u0444\\u0430\\u0440\\u0438\\\" \\u0438\\u0437 \\u043b\\u0435\\u0439\\u043a\\u043e, \\u0440\\u043e\\u0437, \\u0440\\u0430\\u043d\\u0443\\u043d\\u043a\\u0443\\u043b\\u044e\\u0441\\u043e\\u0432, \\u0444\\u0440\\u0435\\u0437\\u0438\\u0439, \\u0441\\u043a\\u0438\\u043c\\u043c\\u0438\\u0438 \\u0438 \\u043e\\u0440\\u043d\\u0438\\u0442\\u0430\\u0433\\u0430\\u043b\\u0443\\u043c\\u0430\"}}]"}}, {"model": "admin.logentry", "pk": 12, "fields": {"action_time": "2025-03-31T06:53:43.228Z", "user": 1, "content_type": 12, "object_id": "2", "object_repr": "Букет \"Аманда\" из кустовых роз, диантусов, ирисов и эустом", "action_flag": 1, "change_message": "[{\"added\": {}}, {\"added\": {\"name\": \"\\u0424\\u043e\\u0442\\u043e\", \"object\": \"\\u0424\\u043e\\u0442\\u043e \\u0434\\u043b\\u044f \\u0411\\u0443\\u043a\\u0435\\u0442 \\\"\\u0410\\u043c\\u0430\\u043d\\u0434\\u0430\\\" \\u0438\\u0437 \\u043a\\u0443\\u0441\\u0442\\u043e\\u0432\\u044b\\u0445 \\u0440\\u043e\\u0437, \\u0434\\u0438\\u0430\\u043d\\u0442\\u0443\\u0441\\u043e\\u0432, \\u0438\\u0440\\u0438\\u0441\\u043e\\u0432 \\u0438 \\u044d\\u0443\\u0441\\u0442\\u043e\\u043c\"}}, {\"added\": {\"name\": \"\\u0424\\u043e\\u0442\\u043e\", \"object\": \"\\u0424\\u043e\\u0442\\u043e \\u0434\\u043b\\u044f \\u0411\\u0443\\u043a\\u0435\\u0442 \\\"\\u0410\\u043c\\u0430\\u043d\\u0434\\u0430\\\" \\u0438\\u0437 \\u043a\\u0443\\u0441\\u0442\\u043e\\u0432\\u044b\\u0445 \\u0440\\u043e\\u0437, \\u0434\\u0438\\u0430\\u043d\\u0442\\u0443\\u0441\\u043e\\u0432, \\u0438\\u0440\\u0438\\u0441\\u043e\\u0432 \\u0438 \\u044d\\u0443\\u0441\\u0442\\u043e\\u043c\"}}, {\"added\": {\"name\": \"\\u0424\\u043e\\u0442\\u043e\", \"object\": \"\\u0424\\u043e\\u0442\\u043e \\u0434\\u043b\\u044f \\u0411\\u0443\\u043a\\u0435\\u0442 \\\"\\u0410\\u043c\\u0430\\u043d\\u0434\\u0430\\\" \\u0438\\u0437 \\u043a\\u0443\\u0441\\u0442\\u043e\\u0432\\u044b\\u0445 \\u0440\\u043e\\u0437, \\u0434\\u0438\\u0430\\u043d\\u0442\\u0443\\u0441\\u043e\\u0432, \\u0438\\u0440\\u0438\\u0441\\u043e\\u0432 \\u0438 \\u044d\\u0443\\u0441\\u0442\\u043e\\u043c\"}}, {\"added\": {\"name\": \"\\u0424\\u043e\\u0442\\u043e\", \"object\": \"\\u0424\\u043e\\u0442\\u043e \\u0434\\u043b\\u044f \\u0411\\u0443\\u043a\\u0435\\u0442 \\\"\\u0410\\u043c\\u0430\\u043d\\u0434\\u0430\\\" \\u0438\\u0437 \\u043a\\u0443\\u0441\\u0442\\u043e\\u0432\\u044b\\u0445 \\u0440\\u043e\\u0437, \\u0434\\u0438\\u0430\\u043d\\u0442\\u0443\\u0441\\u043e\\u0432, \\u0438\\u0440\\u0438\\u0441\\u043e\\u0432 \\u0438 \\u044d\\u0443\\u0441\\u0442\\u043e\\u043c\"}}]"}}, {"model": "admin.logentry", "pk": 13, "fields": {"action_time": "2025-03-31T06:55:22.068Z", "user": 1, "content_type": 12, "object_id": "3", "object_repr": "Букет из 15 кустовых малиновых роз", "action_flag": 1, "change_message": "[{\"added\": {}}, {\"added\": {\"name\": \"\\u0424\\u043e\\u0442\\u043e\", \"object\": \"\\u0424\\u043e\\u0442\\u043e \\u0434\\u043b\\u044f \\u0411\\u0443\\u043a\\u0435\\u0442 \\u0438\\u0437 15 \\u043a\\u0443\\u0441\\u0442\\u043e\\u0432\\u044b\\u0445 \\u043c\\u0430\\u043b\\u0438\\u043d\\u043e\\u0432\\u044b\\u0445 \\u0440\\u043e\\u0437\"}}]"}}, {"model": "admin.logentry", "pk": 14, "fields": {"action_time": "2025-03-31T06:58:20.228Z", "user": 1, "content_type": 12, "object_id": "4", "object_repr": "Букет из пионов, маттиолы и гвоздик", "action_flag": 1, "change_message": "[{\"added\": {}}, {\"added\": {\"name\": \"\\u0424\\u043e\\u0442\\u043e\", \"object\": \"\\u0424\\u043e\\u0442\\u043e \\u0434\\u043b\\u044f \\u0411\\u0443\\u043a\\u0435\\u0442 \\u0438\\u0437 \\u043f\\u0438\\u043e\\u043d\\u043e\\u0432, \\u043c\\u0430\\u0442\\u0442\\u0438\\u043e\\u043b\\u044b \\u0438 \\u0433\\u0432\\u043e\\u0437\\u0434\\u0438\\u043a\"}}, {\"added\": {\"name\": \"\\u0424\\u043e\\u0442\\u043e\", \"object\": \"\\u0424\\u043e\\u0442\\u043e \\u0434\\u043b\\u044f \\u0411\\u0443\\u043a\\u0435\\u0442 \\u0438\\u0437 \\u043f\\u0438\\u043e\\u043d\\u043e\\u0432, \\u043c\\u0430\\u0442\\u0442\\u0438\\u043e\\u043b\\u044b \\u0438 \\u0433\\u0432\\u043e\\u0437\\u0434\\u0438\\u043a\"}}, {\"added\": {\"name\": \"\\u0424\\u043e\\u0442\\u043e\", \"object\": \"\\u0424\\u043e\\u0442\\u043e \\u0434\\u043b\\u044f \\u0411\\u0443\\u043a\\u0435\\u0442 \\u0438\\u0437 \\u043f\\u0438\\u043e\\u043d\\u043e\\u0432, \\u043c\\u0430\\u0442\\u0442\\u0438\\u043e\\u043b\\u044b \\u0438 \\u0433\\u0432\\u043e\\u0437\\u0434\\u0438\\u043a\"}}]"}}, {"model": "admin.logentry", "pk": 15, "fields": {"action_time": "2025-03-31T06:59:29.746Z", "user": 1, "content_type": 12, "object_id": "5", "object_repr": "Букет пионов \"Моника\"", "action_flag": 1, "change_message": "[{\"added\": {}}, {\"added\": {\"name\": \"\\u0424\\u043e\\u0442\\u043e\", \"object\": \"\\u0424\\u043e\\u0442\\u043e \\u0434\\u043b\\u044f \\u0411\\u0443\\u043a\\u0435\\u0442 \\u043f\\u0438\\u043e\\u043d\\u043e\\u0432 \\\"\\u041c\\u043e\\u043d\\u0438\\u043a\\u0430\\\"\"}}, {\"added\": {\"name\": \"\\u0424\\u043e\\u0442\\u043e\", \"object\": \"\\u0424\\u043e\\u0442\\u043e \\u0434\\u043b\\u044f \\u0411\\u0443\\u043a\\u0435\\u0442 \\u043f\\u0438\\u043e\\u043d\\u043e\\u0432 \\\"\\u041c\\u043e\\u043d\\u0438\\u043a\\u0430\\\"\"}}, {\"added\": {\"name\": \"\\u0424\\u043e\\u0442\\u043e\", \"object\": \"\\u0424\\u043e\\u0442\\u043e \\u0434\\u043b\\u044f \\u0411\\u0443\\u043a\\u0435\\u0442 \\u043f\\u0438\\u043e\\u043d\\u043e\\u0432 \\\"\\u041c\\u043e\\u043d\\u0438\\u043a\\u0430\\\"\"}}]"}}, {"model": "admin.logentry", "pk": 16, "fields": {"action_time": "2025-03-31T07:00:45.855Z", "user": 1, "content_type": 12, "object_id": "6", "object_repr": "Букет пионов с генистой (45 см)", "action_flag": 1, "change_message": "[{\"added\": {}}, {\"added\": {\"name\": \"\\u0424\\u043e\\u0442\\u043e\", \"object\": \"\\u0424\\u043e\\u0442\\u043e \\u0434\\u043b\\u044f \\u0411\\u0443\\u043a\\u0435\\u0442 \\u043f\\u0438\\u043e\\u043d\\u043e\\u0432 \\u0441 \\u0433\\u0435\\u043d\\u0438\\u0441\\u0442\\u043e\\u0439 (45 \\u0441\\u043c)\"}}]"}}, {"model": "admin.logentry", "pk": 17, "fields": {"action_time": "2025-03-31T07:06:00.179Z", "user": 1, "content_type": 12, "object_id": "7", "object_repr": "Букет \"Весна в душе\" из ирисов, роз и статицы", "action_flag": 1, "change_message": "[{\"added\": {}}, {\"added\": {\"name\": \"\\u0424\\u043e\\u0442\\u043e\", \"object\": \"\\u0424\\u043e\\u0442\\u043e \\u0434\\u043b\\u044f \\u0411\\u0443\\u043a\\u0435\\u0442 \\\"\\u0412\\u0435\\u0441\\u043d\\u0430 \\u0432 \\u0434\\u0443\\u0448\\u0435\\\" \\u0438\\u0437 \\u0438\\u0440\\u0438\\u0441\\u043e\\u0432, \\u0440\\u043e\\u0437 \\u0438 \\u0441\\u0442\\u0430\\u0442\\u0438\\u0446\\u044b\"}}, {\"added\": {\"name\": \"\\u0424\\u043e\\u0442\\u043e\", \"object\": \"\\u0424\\u043e\\u0442\\u043e \\u0434\\u043b\\u044f \\u0411\\u0443\\u043a\\u0435\\u0442 \\\"\\u0412\\u0435\\u0441\\u043d\\u0430 \\u0432 \\u0434\\u0443\\u0448\\u0435\\\" \\u0438\\u0437 \\u0438\\u0440\\u0438\\u0441\\u043e\\u0432, \\u0440\\u043e\\u0437 \\u0438 \\u0441\\u0442\\u0430\\u0442\\u0438\\u0446\\u044b\"}}, {\"added\": {\"name\": \"\\u0424\\u043e\\u0442\\u043e\", \"object\": \"\\u0424\\u043e\\u0442\\u043e \\u0434\\u043b\\u044f \\u0411\\u0443\\u043a\\u0435\\u0442 \\\"\\u0412\\u0435\\u0441\\u043d\\u0430 \\u0432 \\u0434\\u0443\\u0448\\u0435\\\" \\u0438\\u0437 \\u0438\\u0440\\u0438\\u0441\\u043e\\u0432, \\u0440\\u043e\\u0437 \\u0438 \\u0441\\u0442\\u0430\\u0442\\u0438\\u0446\\u044b\"}}]"}}, {"model": "admin.logentry", "pk": 18, "fields": {"action_time": "2025-03-31T07:06:58.694Z", "user": 1, "content_type": 12, "object_id": "8", "object_repr": "Нежный букет из ирисов и ромашек", "action_flag": 1, "change_message": "[{\"added\": {}}, {\"added\": {\"name\": \"\\u0424\\u043e\\u0442\\u043e\", \"object\": \"\\u0424\\u043e\\u0442\\u043e \\u0434\\u043b\\u044f \\u041d\\u0435\\u0436\\u043d\\u044b\\u0439 \\u0431\\u0443\\u043a\\u0435\\u0442 \\u0438\\u0437 \\u0438\\u0440\\u0438\\u0441\\u043e\\u0432 \\u0438 \\u0440\\u043e\\u043c\\u0430\\u0448\\u0435\\u043a\"}}, {\"added\": {\"name\": \"\\u0424\\u043e\\u0442\\u043e\", \"object\": \"\\u0424\\u043e\\u0442\\u043e \\u0434\\u043b\\u044f \\u041d\\u0435\\u0436\\u043d\\u044b\\u0439 \\u0431\\u0443\\u043a\\u0435\\u0442 \\u0438\\u0437 \\u0438\\u0440\\u0438\\u0441\\u043e\\u0432 \\u0438 \\u0440\\u043e\\u043c\\u0430\\u0448\\u0435\\u043a\"}}, {\"added\": {\"name\": \"\\u0424\\u043e\\u0442\\u043e\", \"object\": \"\\u0424\\u043e\\u0442\\u043e \\u0434\\u043b\\u044f \\u041d\\u0435\\u0436\\u043d\\u044b\\u0439 \\u0431\\u0443\\u043a\\u0435\\u0442 \\u0438\\u0437 \\u0438\\u0440\\u0438\\u0441\\u043e\\u0432 \\u0438 \\u0440\\u043e\\u043c\\u0430\\u0448\\u0435\\u043a\"}}]"}}, {"model": "admin.logentry", "pk": 19, "fields": {"action_time": "2025-03-31T07:07:55.293Z", "user": 1, "content_type": 12, "object_id": "9", "object_repr": "Букет ирисов", "action_flag": 1, "change_message": "[{\"added\": {}}, {\"added\": {\"name\": \"\\u0424\\u043e\\u0442\\u043e\", \"object\": \"\\u0424\\u043e\\u0442\\u043e \\u0434\\u043b\\u044f \\u0411\\u0443\\u043a\\u0435\\u0442 \\u0438\\u0440\\u0438\\u0441\\u043e\\u0432\"}}, {\"added\": {\"name\": \"\\u0424\\u043e\\u0442\\u043e\", \"object\": \"\\u0424\\u043e\\u0442\\u043e \\u0434\\u043b\\u044f \\u0411\\u0443\\u043a\\u0435\\u0442 \\u0438\\u0440\\u0438\\u0441\\u043e\\u0432\"}}, {\"added\": {\"name\": \"\\u0424\\u043e\\u0442\\u043e\", \"object\": \"\\u0424\\u043e\\u0442\\u043e \\u0434\\u043b\\u044f \\u0411\\u0443\\u043a\\u0435\\u0442 \\u0438\\u0440\\u0438\\u0441\\u043e\\u0432\"}}]"}}, {"model": "admin.logentry", "pk": 20, "fields": {"action_time": "2025-03-31T08:04:54.548Z", "user": 1, "content_type": 11, "object_id": "3", "object_repr": "Свидание", "action_flag": 2, "change_message": "[{\"changed\": {\"fields\": [\"\\u0424\\u043e\\u0442\\u043e\"]}}]"}}, {"model": "admin.logentry", "pk": 21, "fields": {"action_time": "2025-03-31T08:05:12.517Z", "user": 1, "content_type": 11, "object_id": "2", "object_repr": "Свадьба", "action_flag": 2, "change_message": "[{\"changed\": {\"fields\": [\"\\u0424\\u043e\\u0442\\u043e\"]}}]"}}, {"model": "admin.logentry", "pk": 22, "fields": {"action_time": "2025-03-31T08:05:29.624Z", "user": 1, "content_type": 11, "object_id": "1", "object_repr": "День рождения", "action_flag": 2, "change_message": "[{\"changed\": {\"fields\": [\"\\u0424\\u043e\\u0442\\u043e\"]}}]"}}, {"model": "admin.logentry", "pk": 23, "fields": {"action_time": "2025-03-31T08:19:31.877Z", "user": 1, "content_type": 11, "object_id": "3", "object_repr": "Свидание", "action_flag": 2, "change_message": "[{\"changed\": {\"fields\": [\"\\u0424\\u043e\\u0442\\u043e\"]}}]"}}, {"model": "admin.logentry", "pk": 24, "fields": {"action_time": "2025-03-31T08:19:57.304Z", "user": 1, "content_type": 11, "object_id": "1", "object_repr": "День рождения", "action_flag": 2, "change_message": "[{\"changed\": {\"fields\": [\"\\u0424\\u043e\\u0442\\u043e\"]}}]"}}, {"model": "admin.logentry", "pk": 25, "fields": {"action_time": "2025-03-31T09:56:39.694Z", "user": 1, "content_type": 11, "object_id": "3", "object_repr": "Свидание", "action_flag": 2, "change_message": "[{\"changed\": {\"fields\": [\"Slogan\"]}}]"}}, {"model": "admin.logentry", "pk": 26, "fields": {"action_time": "2025-03-31T09:56:58.017Z", "user": 1, "content_type": 11, "object_id": "2", "object_repr": "Свадьба", "action_flag": 2, "change_message": "[{\"changed\": {\"fields\": [\"Slogan\"]}}]"}}, {"model": "admin.logentry", "pk": 27, "fields": {"action_time": "2025-03-31T09:57:58.377Z", "user": 1, "content_type": 11, "object_id": "1", "object_repr": "День рождения", "action_flag": 2, "change_message": "[{\"changed\": {\"fields\": [\"Slogan\"]}}]"}}, {"model": "auth.permission", "pk": 1, "fields": {"name": "Can add log entry", "content_type": 1, "codename": "add_logentry"}}, {"model": "auth.permission", "pk": 2, "fields": {"name": "Can change log entry", "content_type": 1, "codename": "change_logentry"}}, {"model": "auth.permission", "pk": 3, "fields": {"name": "Can delete log entry", "content_type": 1, "codename": "delete_logentry"}}, {"model": "auth.permission", "pk": 4, "fields": {"name": "Can view log entry", "content_type": 1, "codename": "view_logentry"}}, {"model": "auth.permission", "pk": 5, "fields": {"name": "Can add permission", "content_type": 2, "codename": "add_permission"}}, {"model": "auth.permission", "pk": 6, "fields": {"name": "Can change permission", "content_type": 2, "codename": "change_permission"}}, {"model": "auth.permission", "pk": 7, "fields": {"name": "Can delete permission", "content_type": 2, "codename": "delete_permission"}}, {"model": "auth.permission", "pk": 8, "fields": {"name": "Can view permission", "content_type": 2, "codename": "view_permission"}}, {"model": "auth.permission", "pk": 9, "fields": {"name": "Can add group", "content_type": 3, "codename": "add_group"}}, {"model": "auth.permission", "pk": 10, "fields": {"name": "Can change group", "content_type": 3, "codename": "change_group"}}, {"model": "auth.permission", "pk": 11, "fields": {"name": "Can delete group", "content_type": 3, "codename": "delete_group"}}, {"model": "auth.permission", "pk": 12, "fields": {"name": "Can view group", "content_type": 3, "codename": "view_group"}}, {"model": "auth.permission", "pk": 13, "fields": {"name": "Can add content type", "content_type": 4, "codename": "add_contenttype"}}, {"model": "auth.permission", "pk": 14, "fields": {"name": "Can change content type", "content_type": 4, "codename": "change_contenttype"}}, {"model": "auth.permission", "pk": 15, "fields": {"name": "Can delete content type", "content_type": 4, "codename": "delete_contenttype"}}, {"model": "auth.permission", "pk": 16, "fields": {"name": "Can view content type", "content_type": 4, "codename": "view_contenttype"}}, {"model": "auth.permission", "pk": 17, "fields": {"name": "Can add session", "content_type": 5, "codename": "add_session"}}, {"model": "auth.permission", "pk": 18, "fields": {"name": "Can change session", "content_type": 5, "codename": "change_session"}}, {"model": "auth.permission", "pk": 19, "fields": {"name": "Can delete session", "content_type": 5, "codename": "delete_session"}}, {"model": "auth.permission", "pk": 20, "fields": {"name": "Can view session", "content_type": 5, "codename": "view_session"}}, {"model": "auth.permission", "pk": 21, "fields": {"name": "Can add Token", "content_type": 6, "codename": "add_token"}}, {"model": "auth.permission", "pk": 22, "fields": {"name": "Can change Token", "content_type": 6, "codename": "change_token"}}, {"model": "auth.permission", "pk": 23, "fields": {"name": "Can delete Token", "content_type": 6, "codename": "delete_token"}}, {"model": "auth.permission", "pk": 24, "fields": {"name": "Can view Token", "content_type": 6, "codename": "view_token"}}, {"model": "auth.permission", "pk": 25, "fields": {"name": "Can add Token", "content_type": 7, "codename": "add_tokenproxy"}}, {"model": "auth.permission", "pk": 26, "fields": {"name": "Can change Token", "content_type": 7, "codename": "change_tokenproxy"}}, {"model": "auth.permission", "pk": 27, "fields": {"name": "Can delete Token", "content_type": 7, "codename": "delete_tokenproxy"}}, {"model": "auth.permission", "pk": 28, "fields": {"name": "Can view Token", "content_type": 7, "codename": "view_tokenproxy"}}, {"model": "auth.permission", "pk": 29, "fields": {"name": "Can add custom user", "content_type": 8, "codename": "add_customuser"}}, {"model": "auth.permission", "pk": 30, "fields": {"name": "Can change custom user", "content_type": 8, "codename": "change_customuser"}}, {"model": "auth.permission", "pk": 31, "fields": {"name": "Can delete custom user", "content_type": 8, "codename": "delete_customuser"}}, {"model": "auth.permission", "pk": 32, "fields": {"name": "Can view custom user", "content_type": 8, "codename": "view_customuser"}}, {"model": "auth.permission", "pk": 33, "fields": {"name": "Can add Карусель", "content_type": 9, "codename": "add_carousel"}}, {"model": "auth.permission", "pk": 34, "fields": {"name": "Can change Карусель", "content_type": 9, "codename": "change_carousel"}}, {"model": "auth.permission", "pk": 35, "fields": {"name": "Can delete Карусель", "content_type": 9, "codename": "delete_carousel"}}, {"model": "auth.permission", "pk": 36, "fields": {"name": "Can view Карусель", "content_type": 9, "codename": "view_carousel"}}, {"model": "auth.permission", "pk": 37, "fields": {"name": "Can add Категория", "content_type": 10, "codename": "add_category"}}, {"model": "auth.permission", "pk": 38, "fields": {"name": "Can change Категория", "content_type": 10, "codename": "change_category"}}, {"model": "auth.permission", "pk": 39, "fields": {"name": "Can delete Категория", "content_type": 10, "codename": "delete_category"}}, {"model": "auth.permission", "pk": 40, "fields": {"name": "Can view Категория", "content_type": 10, "codename": "view_category"}}, {"model": "auth.permission", "pk": 41, "fields": {"name": "Can add Тип", "content_type": 11, "codename": "add_typeproduct"}}, {"model": "auth.permission", "pk": 42, "fields": {"name": "Can change Тип", "content_type": 11, "codename": "change_typeproduct"}}, {"model": "auth.permission", "pk": 43, "fields": {"name": "Can delete Тип", "content_type": 11, "codename": "delete_typeproduct"}}, {"model": "auth.permission", "pk": 44, "fields": {"name": "Can view Тип", "content_type": 11, "codename": "view_typeproduct"}}, {"model": "auth.permission", "pk": 45, "fields": {"name": "Can add Товар", "content_type": 12, "codename": "add_productcard"}}, {"model": "auth.permission", "pk": 46, "fields": {"name": "Can change Товар", "content_type": 12, "codename": "change_productcard"}}, {"model": "auth.permission", "pk": 47, "fields": {"name": "Can delete Товар", "content_type": 12, "codename": "delete_productcard"}}, {"model": "auth.permission", "pk": 48, "fields": {"name": "Can view Товар", "content_type": 12, "codename": "view_productcard"}}, {"model": "auth.permission", "pk": 49, "fields": {"name": "Can add Фото", "content_type": 13, "codename": "add_photo"}}, {"model": "auth.permission", "pk": 50, "fields": {"name": "Can change Фото", "content_type": 13, "codename": "change_photo"}}, {"model": "auth.permission", "pk": 51, "fields": {"name": "Can delete Фото", "content_type": 13, "codename": "delete_photo"}}, {"model": "auth.permission", "pk": 52, "fields": {"name": "Can view Фото", "content_type": 13, "codename": "view_photo"}}, {"model": "auth.permission", "pk": 53, "fields": {"name": "Can add Корзина", "content_type": 14, "codename": "add_cart"}}, {"model": "auth.permission", "pk": 54, "fields": {"name": "Can change Корзина", "content_type": 14, "codename": "change_cart"}}, {"model": "auth.permission", "pk": 55, "fields": {"name": "Can delete Корзина", "content_type": 14, "codename": "delete_cart"}}, {"model": "auth.permission", "pk": 56, "fields": {"name": "Can view Корзина", "content_type": 14, "codename": "view_cart"}}, {"model": "contenttypes.contenttype", "pk": 1, "fields": {"app_label": "admin", "model": "logentry"}}, {"model": "contenttypes.contenttype", "pk": 2, "fields": {"app_label": "auth", "model": "permission"}}, {"model": "contenttypes.contenttype", "pk": 3, "fields": {"app_label": "auth", "model": "group"}}, {"model": "contenttypes.contenttype", "pk": 4, "fields": {"app_label": "contenttypes", "model": "contenttype"}}, {"model": "contenttypes.contenttype", "pk": 5, "fields": {"app_label": "sessions", "model": "session"}}, {"model": "contenttypes.contenttype", "pk": 6, "fields": {"app_label": "authtoken", "model": "token"}}, {"model": "contenttypes.contenttype", "pk": 7, "fields": {"app_label": "authtoken", "model": "tokenproxy"}}, {"model": "contenttypes.contenttype", "pk": 8, "fields": {"app_label": "users", "model": "customuser"}}, {"model": "contenttypes.contenttype", "pk": 9, "fields": {"app_label": "core", "model": "carousel"}}, {"model": "contenttypes.contenttype", "pk": 10, "fields": {"app_label": "core", "model": "category"}}, {"model": "contenttypes.contenttype", "pk": 11, "fields": {"app_label": "core", "model": "typeproduct"}}, {"model": "contenttypes.contenttype", "pk": 12, "fields": {"app_label": "core", "model": "productcard"}}, {"model": "contenttypes.contenttype", "pk": 13, "fields": {"app_label": "core", "model": "photo"}}, {"model": "contenttypes.contenttype", "pk": 14, "fields": {"app_label": "core", "model": "cart"}}, {"model": "sessions.session", "pk": "9uvf3ns5zdh12atvxpfpswkzlrvcyhoo", "fields": {"session_data": ".eJxVjDkOwjAUBe_iGlnevhdK-pzB-t5wANlSnFSIu5NIKaCdmffexOO2Vr-NvPg5kSvh5PLLAsZnbodID2z3TmNv6zIHeiT0tINOPeXX7Wz_DiqOuq9jCAyi09qILFSSKmUZrLHKGgkgARkDx8vOnACH1hQtHUMEjabEzMnnC8dDNyU:1tz8ll:Yvmtcrsu09N3spQoPLuRcPyLTDm9IyWdMjL8B9CaxCk", "expire_date": "2025-04-14T06:37:13.691Z"}}, {"model": "users.customuser", "pk": 1, "fields": {"password": "pbkdf2_sha256$600000$wF4i2cnamq4oh17qx0K142$Z0lRIyu6UMXJCRC27Dmf1ucu3rF4/BhYPEHrGewTE+0=", "last_login": "2025-03-31T06:37:13.683Z", "is_superuser": true, "email": "grachev613@gmail.com", "first_name": "", "last_name": "", "is_active": true, "is_staff": true, "date_joined": "2025-03-31T06:36:20.829Z", "groups": [], "user_permissions": []}}, {"model": "core.category", "pk": 1, "fields": {"name": "Розы"}}, {"model": "core.category", "pk": 2, "fields": {"name": "Пионы"}}, {"model": "core.category", "pk": 3, "fields": {"name": "Ирисы"}}, {"model": "core.typeproduct", "pk": 1, "fields": {"name": "День рождения", "slogan": "Вы запомните этот день", "image": "photos/b02f810efb0659083019de788798cade_JxmAthX.jpg"}}, {"model": "core.typeproduct", "pk": 2, "fields": {"name": "Свадьба", "slogan": "Этот день бывает один раз...", "image": "photos/ce3bfe5ccb146152a6b40c1966abdb6f.jpg"}}, {"model": "core.typeproduct", "pk": 3, "fields": {"name": "Свидание", "slogan": "Пусть ваша встреча будет незабываемой", "image": "photos/158619be5141ea78269bf6ca00e3d9f4.jpg"}}, {"model": "core.productcard", "pk": 1, "fields": {"category": 1, "typeproduct": 1, "name": "Букет \"Сафари\" из лейко, роз, ранункулюсов, фрезий, скиммии и орнитагалума", "description": "Повседневная практика показывает, что сплочённость команды профессионалов выявляет срочную потребность глубокомысленных рассуждений. Идейные соображения высшего порядка, а также внедрение современных методик требует определения и уточнения как самодостаточных, так и внешне зависимых концептуальных решений. Повседневная практика показывает, что перспективное планирование создаёт предпосылки для соответствующих условий активизации.", "price": "12200.00", "created_at": "2025-03-31T06:51:50.504Z", "updated_at": "2025-03-31T06:51:50.504Z"}}, {"model": "core.productcard", "pk": 2, "fields": {"category": 1, "typeproduct": 2, "name": "Букет \"Аманда\" из кустовых роз, диантусов, ирисов и эустом", "description": "Повседневная практика показывает, что сплочённость команды профессионалов выявляет срочную потребность глубокомысленных рассуждений. Идейные соображения высшего порядка, а также внедрение современных методик требует определения и уточнения как самодостаточных, так и внешне зависимых концептуальных решений. Повседневная практика показывает, что перспективное планирование создаёт предпосылки для соответствующих условий активизации.", "price": "3893.00", "created_at": "2025-03-31T06:53:43.220Z", "updated_at": "2025-03-31T06:53:43.220Z"}}, {"model": "core.productcard", "pk": 3, "fields": {"category": 1, "typeproduct": 3, "name": "Букет из 15 кустовых малиновых роз", "description": "Повседневная практика показывает, что сплочённость команды профессионалов выявляет срочную потребность глубокомысленных рассуждений. Идейные соображения высшего порядка, а также внедрение современных методик требует определения и уточнения как самодостаточных, так и внешне зависимых концептуальных решений. Повседневная практика показывает, что перспективное планирование создаёт предпосылки для соответствующих условий активизации.", "price": "3456.00", "created_at": "2025-03-31T06:55:22.065Z", "updated_at": "2025-03-31T06:55:22.065Z"}}, {"model": "core.productcard", "pk": 4, "fields": {"category": 2, "typeproduct": 1, "name": "Букет из пионов, маттиолы и гвоздик", "description": "Повседневная практика показывает, что сплочённость команды профессионалов выявляет срочную потребность глубокомысленных рассуждений. Идейные соображения высшего порядка, а также внедрение современных методик требует определения и уточнения как самодостаточных, так и внешне зависимых концептуальных решений. Повседневная практика показывает, что перспективное планирование создаёт предпосылки для соответствующих условий активизации.", "price": "8434.00", "created_at": "2025-03-31T06:58:20.225Z", "updated_at": "2025-03-31T06:58:20.225Z"}}, {"model": "core.productcard", "pk": 5, "fields": {"category": 2, "typeproduct": 2, "name": "Букет пионов \"Моника\"", "description": "Повседневная практика показывает, что сплочённость команды профессионалов выявляет срочную потребность глубокомысленных рассуждений. Идейные соображения высшего порядка, а также внедрение современных методик требует определения и уточнения как самодостаточных, так и внешне зависимых концептуальных решений. Повседневная практика показывает, что перспективное планирование создаёт предпосылки для соответствующих условий активизации.", "price": "2134.00", "created_at": "2025-03-31T06:59:29.744Z", "updated_at": "2025-03-31T06:59:29.744Z"}}, {"model": "core.productcard", "pk": 6, "fields": {"category": 2, "typeproduct": 3, "name": "Букет пионов с генистой (45 см)", "description": "Повседневная практика показывает, что сплочённость команды профессионалов выявляет срочную потребность глубокомысленных рассуждений. Идейные соображения высшего порядка, а также внедрение современных методик требует определения и уточнения как самодостаточных, так и внешне зависимых концептуальных решений. Повседневная практика показывает, что перспективное планирование создаёт предпосылки для соответствующих условий активизации.", "price": "2235.00", "created_at": "2025-03-31T07:00:45.851Z", "updated_at": "2025-03-31T07:00:45.851Z"}}, {"model": "core.productcard", "pk": 7, "fields": {"category": 3, "typeproduct": 1, "name": "Букет \"Весна в душе\" из ирисов, роз и статицы", "description": "Повседневная практика показывает, что сплочённость команды профессионалов выявляет срочную потребность глубокомысленных рассуждений. Идейные соображения высшего порядка, а также внедрение современных методик требует определения и уточнения как самодостаточных, так и внешне зависимых концептуальных решений. Повседневная практика показывает, что перспективное планирование создаёт предпосылки для соответствующих условий активизации.", "price": "1982.00", "created_at": "2025-03-31T07:06:00.175Z", "updated_at": "2025-03-31T07:06:00.175Z"}}, {"model": "core.productcard", "pk": 8, "fields": {"category": 3, "typeproduct": 2, "name": "Нежный букет из ирисов и ромашек", "description": "Повседневная практика показывает, что сплочённость команды профессионалов выявляет срочную потребность глубокомысленных рассуждений. Идейные соображения высшего порядка, а также внедрение современных методик требует определения и уточнения как самодостаточных, так и внешне зависимых концептуальных решений. Повседневная практика показывает, что перспективное планирование создаёт предпосылки для соответствующих условий активизации.", "price": "3234.00", "created_at": "2025-03-31T07:06:58.691Z", "updated_at": "2025-03-31T07:06:58.691Z"}}, {"model": "core.productcard", "pk": 9, "fields": {"category": 3, "typeproduct": 3, "name": "Букет ирисов", "description": "Повседневная практика показывает, что сплочённость команды профессионалов выявляет срочную потребность глубокомысленных рассуждений. Идейные соображения высшего порядка, а также внедрение современных методик требует определения и уточнения как самодостаточных, так и внешне зависимых концептуальных решений. Повседневная практика показывает, что перспективное планирование создаёт предпосылки для соответствующих условий активизации.", "price": "3587.00", "created_at": "2025-03-31T07:07:55.290Z", "updated_at": "2025-03-31T07:07:55.290Z"}}, {"model": "core.photo", "pk": 1, "fields": {"product": 1, "image": "photos/c75bcddfdf19e79d3d823dc22bfdb201.jpg"}}, {"model": "core.photo", "pk": 2, "fields": {"product": 1, "image": "photos/e294291d2b242fffdb250f5f00642bdc.jpg"}}, {"model": "core.photo", "pk": 3, "fields": {"product": 1, "image": "photos/fbc50e761f41f8cfc7a27c943f593d59.jpg"}}, {"model": "core.photo", "pk": 4, "fields": {"product": 2, "image": "photos/8cb9797d1001467c90f335e238e93ebb.jpg"}}, {"model": "core.photo", "pk": 5, "fields": {"product": 2, "image": "photos/07189ce5b1fe0e015ec250290f6e1e6e.jpg"}}, {"model": "core.photo", "pk": 6, "fields": {"product": 2, "image": "photos/c75bcddfdf19e79d3d823dc22bfdb201_orIh466.jpg"}}, {"model": "core.photo", "pk": 7, "fields": {"product": 2, "image": "photos/e294291d2b242fffdb250f5f00642bdc_9e6MOmx.jpg"}}, {"model": "core.photo", "pk": 8, "fields": {"product": 3, "image": "photos/3ad386f3ae3d8224d4a07ce409d3a0c8.jpg"}}, {"model": "core.photo", "pk": 9, "fields": {"product": 4, "image": "photos/b39accbd14bb5a37da8efcaa7d7db771.jpg"}}, {"model": "core.photo", "pk": 10, "fields": {"product": 4, "image": "photos/d54541012e9172f8b3f0767d300fc3ac.jpg"}}, {"model": "core.photo", "pk": 11, "fields": {"product": 4, "image": "photos/dad2e5c1fd019b2cc59ac33cb6a49a31.jpg"}}, {"model": "core.photo", "pk": 12, "fields": {"product": 5, "image": "photos/5a502e0707daab708302cc0a4593985e.jpg"}}, {"model": "core.photo", "pk": 13, "fields": {"product": 5, "image": "photos/81a52091547013956c95a1d79ea0293e.jpg"}}, {"model": "core.photo", "pk": 14, "fields": {"product": 5, "image": "photos/d0fedd0a3d29723b3b31fa210a785e4e.jpg"}}, {"model": "core.photo", "pk": 15, "fields": {"product": 6, "image": "photos/dd7438d7aeb824ca29d75e2f3adbfcd0.JPG"}}, {"model": "core.photo", "pk": 16, "fields": {"product": 7, "image": "photos/a9e1695eb8b170dafaca06ec2e6848d8.jpg"}}, {"model": "core.photo", "pk": 17, "fields": {"product": 7, "image": "photos/c1b842fe486ffc0253b33eb580e9180c.jpg"}}, {"model": "core.photo", "pk": 18, "fields": {"product": 7, "image": "photos/ebedcb8aa0a7a562bc1ce463b6abad3b.jpg"}}, {"model": "core.photo", "pk": 19, "fields": {"product": 8, "image": "photos/28039e866eb46353d2dc6fb7ddcfe88f.jpg"}}, {"model": "core.photo", "pk": 20, "fields": {"product": 8, "image": "photos/a9e1695eb8b170dafaca06ec2e6848d8_q6gloEb.jpg"}}, {"model": "core.photo", "pk": 21, "fields": {"product": 8, "image": "photos/c1b842fe486ffc0253b33eb580e9180c_L9rYBU1.jpg"}}, {"model": "core.photo", "pk": 22, "fields": {"product": 9, "image": "photos/28039e866eb46353d2dc6fb7ddcfe88f_43tAkm2.jpg"}}, {"model": "core.photo", "pk": 23, "fields": {"product": 9, "image": "photos/a9e1695eb8b170dafaca06ec2e6848d8_o3t8gWY.jpg"}}, {"model": "core.photo", "pk": 24, "fields": {"product": 9, "image": "photos/b50fa98ff22ee43ede4e03fd0cb9ecb7.jpg"}}, {"model": "core.carousel", "pk": 1, "fields": {"title": "Осчастливить своих близких", "image": "photos/c188ade0d598bae65d957f89e14ec478.jpg"}}, {"model": "core.carousel", "pk": 2, "fields": {"title": "Наши флористы лучшие в городе", "image": "photos/00ff1350f2927bfb386c9ba89202f74b.jpg"}}, {"model": "core.carousel", "pk": 3, "fields": {"title": "Закажи у нас, и получи скидку", "image": "photos/0fb8ac87b35ed9d7653063c38007c142.jpg"}}]