[
{
    "model": "admin.logentry",
    "pk": 67,
    "fields": {
        "action_time": "2025-05-30T05:47:43.335Z",
        "user": 5,
        "content_type": 20,
        "object_id": "5",
        "object_repr": "user1@mail.ru",
        "action_flag": 1,
        "change_message": "[{\"added\": {}}]"
    }
},
{
    "model": "auth.permission",
    "pk": 1,
    "fields": {
        "name": "Can add log entry",
        "content_type": 1,
        "codename": "add_logentry"
    }
},
{
    "model": "auth.permission",
    "pk": 2,
    "fields": {
        "name": "Can change log entry",
        "content_type": 1,
        "codename": "change_logentry"
    }
},
{
    "model": "auth.permission",
    "pk": 3,
    "fields": {
        "name": "Can delete log entry",
        "content_type": 1,
        "codename": "delete_logentry"
    }
},
{
    "model": "auth.permission",
    "pk": 4,
    "fields": {
        "name": "Can view log entry",
        "content_type": 1,
        "codename": "view_logentry"
    }
},
{
    "model": "auth.permission",
    "pk": 5,
    "fields": {
        "name": "Can add permission",
        "content_type": 2,
        "codename": "add_permission"
    }
},
{
    "model": "auth.permission",
    "pk": 6,
    "fields": {
        "name": "Can change permission",
        "content_type": 2,
        "codename": "change_permission"
    }
},
{
    "model": "auth.permission",
    "pk": 7,
    "fields": {
        "name": "Can delete permission",
        "content_type": 2,
        "codename": "delete_permission"
    }
},
{
    "model": "auth.permission",
    "pk": 8,
    "fields": {
        "name": "Can view permission",
        "content_type": 2,
        "codename": "view_permission"
    }
},
{
    "model": "auth.permission",
    "pk": 9,
    "fields": {
        "name": "Can add group",
        "content_type": 3,
        "codename": "add_group"
    }
},
{
    "model": "auth.permission",
    "pk": 10,
    "fields": {
        "name": "Can change group",
        "content_type": 3,
        "codename": "change_group"
    }
},
{
    "model": "auth.permission",
    "pk": 11,
    "fields": {
        "name": "Can delete group",
        "content_type": 3,
        "codename": "delete_group"
    }
},
{
    "model": "auth.permission",
    "pk": 12,
    "fields": {
        "name": "Can view group",
        "content_type": 3,
        "codename": "view_group"
    }
},
{
    "model": "auth.permission",
    "pk": 13,
    "fields": {
        "name": "Can add content type",
        "content_type": 4,
        "codename": "add_contenttype"
    }
},
{
    "model": "auth.permission",
    "pk": 14,
    "fields": {
        "name": "Can change content type",
        "content_type": 4,
        "codename": "change_contenttype"
    }
},
{
    "model": "auth.permission",
    "pk": 15,
    "fields": {
        "name": "Can delete content type",
        "content_type": 4,
        "codename": "delete_contenttype"
    }
},
{
    "model": "auth.permission",
    "pk": 16,
    "fields": {
        "name": "Can view content type",
        "content_type": 4,
        "codename": "view_contenttype"
    }
},
{
    "model": "auth.permission",
    "pk": 17,
    "fields": {
        "name": "Can add session",
        "content_type": 5,
        "codename": "add_session"
    }
},
{
    "model": "auth.permission",
    "pk": 18,
    "fields": {
        "name": "Can change session",
        "content_type": 5,
        "codename": "change_session"
    }
},
{
    "model": "auth.permission",
    "pk": 19,
    "fields": {
        "name": "Can delete session",
        "content_type": 5,
        "codename": "delete_session"
    }
},
{
    "model": "auth.permission",
    "pk": 20,
    "fields": {
        "name": "Can view session",
        "content_type": 5,
        "codename": "view_session"
    }
},
{
    "model": "auth.permission",
    "pk": 21,
    "fields": {
        "name": "Can add Token",
        "content_type": 6,
        "codename": "add_token"
    }
},
{
    "model": "auth.permission",
    "pk": 22,
    "fields": {
        "name": "Can change Token",
        "content_type": 6,
        "codename": "change_token"
    }
},
{
    "model": "auth.permission",
    "pk": 23,
    "fields": {
        "name": "Can delete Token",
        "content_type": 6,
        "codename": "delete_token"
    }
},
{
    "model": "auth.permission",
    "pk": 24,
    "fields": {
        "name": "Can view Token",
        "content_type": 6,
        "codename": "view_token"
    }
},
{
    "model": "auth.permission",
    "pk": 25,
    "fields": {
        "name": "Can add Token",
        "content_type": 7,
        "codename": "add_tokenproxy"
    }
},
{
    "model": "auth.permission",
    "pk": 26,
    "fields": {
        "name": "Can change Token",
        "content_type": 7,
        "codename": "change_tokenproxy"
    }
},
{
    "model": "auth.permission",
    "pk": 27,
    "fields": {
        "name": "Can delete Token",
        "content_type": 7,
        "codename": "delete_tokenproxy"
    }
},
{
    "model": "auth.permission",
    "pk": 28,
    "fields": {
        "name": "Can view Token",
        "content_type": 7,
        "codename": "view_tokenproxy"
    }
},
{
    "model": "auth.permission",
    "pk": 29,
    "fields": {
        "name": "Can add custom user",
        "content_type": 8,
        "codename": "add_customuser"
    }
},
{
    "model": "auth.permission",
    "pk": 30,
    "fields": {
        "name": "Can change custom user",
        "content_type": 8,
        "codename": "change_customuser"
    }
},
{
    "model": "auth.permission",
    "pk": 31,
    "fields": {
        "name": "Can delete custom user",
        "content_type": 8,
        "codename": "delete_customuser"
    }
},
{
    "model": "auth.permission",
    "pk": 32,
    "fields": {
        "name": "Can view custom user",
        "content_type": 8,
        "codename": "view_customuser"
    }
},
{
    "model": "auth.permission",
    "pk": 33,
    "fields": {
        "name": "Can add Карусель",
        "content_type": 9,
        "codename": "add_carousel"
    }
},
{
    "model": "auth.permission",
    "pk": 34,
    "fields": {
        "name": "Can change Карусель",
        "content_type": 9,
        "codename": "change_carousel"
    }
},
{
    "model": "auth.permission",
    "pk": 35,
    "fields": {
        "name": "Can delete Карусель",
        "content_type": 9,
        "codename": "delete_carousel"
    }
},
{
    "model": "auth.permission",
    "pk": 36,
    "fields": {
        "name": "Can view Карусель",
        "content_type": 9,
        "codename": "view_carousel"
    }
},
{
    "model": "auth.permission",
    "pk": 37,
    "fields": {
        "name": "Can add Категория",
        "content_type": 10,
        "codename": "add_category"
    }
},
{
    "model": "auth.permission",
    "pk": 38,
    "fields": {
        "name": "Can change Категория",
        "content_type": 10,
        "codename": "change_category"
    }
},
{
    "model": "auth.permission",
    "pk": 39,
    "fields": {
        "name": "Can delete Категория",
        "content_type": 10,
        "codename": "delete_category"
    }
},
{
    "model": "auth.permission",
    "pk": 40,
    "fields": {
        "name": "Can view Категория",
        "content_type": 10,
        "codename": "view_category"
    }
},
{
    "model": "auth.permission",
    "pk": 41,
    "fields": {
        "name": "Can add Тип",
        "content_type": 11,
        "codename": "add_typeproduct"
    }
},
{
    "model": "auth.permission",
    "pk": 42,
    "fields": {
        "name": "Can change Тип",
        "content_type": 11,
        "codename": "change_typeproduct"
    }
},
{
    "model": "auth.permission",
    "pk": 43,
    "fields": {
        "name": "Can delete Тип",
        "content_type": 11,
        "codename": "delete_typeproduct"
    }
},
{
    "model": "auth.permission",
    "pk": 44,
    "fields": {
        "name": "Can view Тип",
        "content_type": 11,
        "codename": "view_typeproduct"
    }
},
{
    "model": "auth.permission",
    "pk": 45,
    "fields": {
        "name": "Can add Товар",
        "content_type": 12,
        "codename": "add_productcard"
    }
},
{
    "model": "auth.permission",
    "pk": 46,
    "fields": {
        "name": "Can change Товар",
        "content_type": 12,
        "codename": "change_productcard"
    }
},
{
    "model": "auth.permission",
    "pk": 47,
    "fields": {
        "name": "Can delete Товар",
        "content_type": 12,
        "codename": "delete_productcard"
    }
},
{
    "model": "auth.permission",
    "pk": 48,
    "fields": {
        "name": "Can view Товар",
        "content_type": 12,
        "codename": "view_productcard"
    }
},
{
    "model": "auth.permission",
    "pk": 49,
    "fields": {
        "name": "Can add Фото",
        "content_type": 13,
        "codename": "add_photo"
    }
},
{
    "model": "auth.permission",
    "pk": 50,
    "fields": {
        "name": "Can change Фото",
        "content_type": 13,
        "codename": "change_photo"
    }
},
{
    "model": "auth.permission",
    "pk": 51,
    "fields": {
        "name": "Can delete Фото",
        "content_type": 13,
        "codename": "delete_photo"
    }
},
{
    "model": "auth.permission",
    "pk": 52,
    "fields": {
        "name": "Can view Фото",
        "content_type": 13,
        "codename": "view_photo"
    }
},
{
    "model": "auth.permission",
    "pk": 53,
    "fields": {
        "name": "Can add Корзина",
        "content_type": 14,
        "codename": "add_cart"
    }
},
{
    "model": "auth.permission",
    "pk": 54,
    "fields": {
        "name": "Can change Корзина",
        "content_type": 14,
        "codename": "change_cart"
    }
},
{
    "model": "auth.permission",
    "pk": 55,
    "fields": {
        "name": "Can delete Корзина",
        "content_type": 14,
        "codename": "delete_cart"
    }
},
{
    "model": "auth.permission",
    "pk": 56,
    "fields": {
        "name": "Can view Корзина",
        "content_type": 14,
        "codename": "view_cart"
    }
},
{
    "model": "auth.permission",
    "pk": 57,
    "fields": {
        "name": "Can add Карусель",
        "content_type": 15,
        "codename": "add_carousel"
    }
},
{
    "model": "auth.permission",
    "pk": 58,
    "fields": {
        "name": "Can change Карусель",
        "content_type": 15,
        "codename": "change_carousel"
    }
},
{
    "model": "auth.permission",
    "pk": 59,
    "fields": {
        "name": "Can delete Карусель",
        "content_type": 15,
        "codename": "delete_carousel"
    }
},
{
    "model": "auth.permission",
    "pk": 60,
    "fields": {
        "name": "Can view Карусель",
        "content_type": 15,
        "codename": "view_carousel"
    }
},
{
    "model": "auth.permission",
    "pk": 61,
    "fields": {
        "name": "Can add Текст",
        "content_type": 16,
        "codename": "add_footertext"
    }
},
{
    "model": "auth.permission",
    "pk": 62,
    "fields": {
        "name": "Can change Текст",
        "content_type": 16,
        "codename": "change_footertext"
    }
},
{
    "model": "auth.permission",
    "pk": 63,
    "fields": {
        "name": "Can delete Текст",
        "content_type": 16,
        "codename": "delete_footertext"
    }
},
{
    "model": "auth.permission",
    "pk": 64,
    "fields": {
        "name": "Can view Текст",
        "content_type": 16,
        "codename": "view_footertext"
    }
},
{
    "model": "auth.permission",
    "pk": 65,
    "fields": {
        "name": "Can add Логотип",
        "content_type": 17,
        "codename": "add_logo"
    }
},
{
    "model": "auth.permission",
    "pk": 66,
    "fields": {
        "name": "Can change Логотип",
        "content_type": 17,
        "codename": "change_logo"
    }
},
{
    "model": "auth.permission",
    "pk": 67,
    "fields": {
        "name": "Can delete Логотип",
        "content_type": 17,
        "codename": "delete_logo"
    }
},
{
    "model": "auth.permission",
    "pk": 68,
    "fields": {
        "name": "Can view Логотип",
        "content_type": 17,
        "codename": "view_logo"
    }
},
{
    "model": "auth.permission",
    "pk": 69,
    "fields": {
        "name": "Can add menu down",
        "content_type": 18,
        "codename": "add_menudown"
    }
},
{
    "model": "auth.permission",
    "pk": 70,
    "fields": {
        "name": "Can change menu down",
        "content_type": 18,
        "codename": "change_menudown"
    }
},
{
    "model": "auth.permission",
    "pk": 71,
    "fields": {
        "name": "Can delete menu down",
        "content_type": 18,
        "codename": "delete_menudown"
    }
},
{
    "model": "auth.permission",
    "pk": 72,
    "fields": {
        "name": "Can view menu down",
        "content_type": 18,
        "codename": "view_menudown"
    }
},
{
    "model": "auth.permission",
    "pk": 73,
    "fields": {
        "name": "Can add menu top",
        "content_type": 19,
        "codename": "add_menutop"
    }
},
{
    "model": "auth.permission",
    "pk": 74,
    "fields": {
        "name": "Can change menu top",
        "content_type": 19,
        "codename": "change_menutop"
    }
},
{
    "model": "auth.permission",
    "pk": 75,
    "fields": {
        "name": "Can delete menu top",
        "content_type": 19,
        "codename": "delete_menutop"
    }
},
{
    "model": "auth.permission",
    "pk": 76,
    "fields": {
        "name": "Can view menu top",
        "content_type": 19,
        "codename": "view_menutop"
    }
},
{
    "model": "auth.permission",
    "pk": 77,
    "fields": {
        "name": "Can add Корзина",
        "content_type": 20,
        "codename": "add_basket"
    }
},
{
    "model": "auth.permission",
    "pk": 78,
    "fields": {
        "name": "Can change Корзина",
        "content_type": 20,
        "codename": "change_basket"
    }
},
{
    "model": "auth.permission",
    "pk": 79,
    "fields": {
        "name": "Can delete Корзина",
        "content_type": 20,
        "codename": "delete_basket"
    }
},
{
    "model": "auth.permission",
    "pk": 80,
    "fields": {
        "name": "Can view Корзина",
        "content_type": 20,
        "codename": "view_basket"
    }
},
{
    "model": "contenttypes.contenttype",
    "pk": 1,
    "fields": {
        "app_label": "admin",
        "model": "logentry"
    }
},
{
    "model": "contenttypes.contenttype",
    "pk": 2,
    "fields": {
        "app_label": "auth",
        "model": "permission"
    }
},
{
    "model": "contenttypes.contenttype",
    "pk": 3,
    "fields": {
        "app_label": "auth",
        "model": "group"
    }
},
{
    "model": "contenttypes.contenttype",
    "pk": 4,
    "fields": {
        "app_label": "contenttypes",
        "model": "contenttype"
    }
},
{
    "model": "contenttypes.contenttype",
    "pk": 5,
    "fields": {
        "app_label": "sessions",
        "model": "session"
    }
},
{
    "model": "contenttypes.contenttype",
    "pk": 6,
    "fields": {
        "app_label": "authtoken",
        "model": "token"
    }
},
{
    "model": "contenttypes.contenttype",
    "pk": 7,
    "fields": {
        "app_label": "authtoken",
        "model": "tokenproxy"
    }
},
{
    "model": "contenttypes.contenttype",
    "pk": 8,
    "fields": {
        "app_label": "users",
        "model": "customuser"
    }
},
{
    "model": "contenttypes.contenttype",
    "pk": 9,
    "fields": {
        "app_label": "core",
        "model": "carousel"
    }
},
{
    "model": "contenttypes.contenttype",
    "pk": 10,
    "fields": {
        "app_label": "core",
        "model": "category"
    }
},
{
    "model": "contenttypes.contenttype",
    "pk": 11,
    "fields": {
        "app_label": "core",
        "model": "typeproduct"
    }
},
{
    "model": "contenttypes.contenttype",
    "pk": 12,
    "fields": {
        "app_label": "core",
        "model": "productcard"
    }
},
{
    "model": "contenttypes.contenttype",
    "pk": 13,
    "fields": {
        "app_label": "core",
        "model": "photo"
    }
},
{
    "model": "contenttypes.contenttype",
    "pk": 14,
    "fields": {
        "app_label": "core",
        "model": "cart"
    }
},
{
    "model": "contenttypes.contenttype",
    "pk": 15,
    "fields": {
        "app_label": "assets",
        "model": "carousel"
    }
},
{
    "model": "contenttypes.contenttype",
    "pk": 16,
    "fields": {
        "app_label": "assets",
        "model": "footertext"
    }
},
{
    "model": "contenttypes.contenttype",
    "pk": 17,
    "fields": {
        "app_label": "assets",
        "model": "logo"
    }
},
{
    "model": "contenttypes.contenttype",
    "pk": 18,
    "fields": {
        "app_label": "assets",
        "model": "menudown"
    }
},
{
    "model": "contenttypes.contenttype",
    "pk": 19,
    "fields": {
        "app_label": "assets",
        "model": "menutop"
    }
},
{
    "model": "contenttypes.contenttype",
    "pk": 20,
    "fields": {
        "app_label": "core",
        "model": "basket"
    }
},
{
    "model": "sessions.session",
    "pk": "9uvf3ns5zdh12atvxpfpswkzlrvcyhoo",
    "fields": {
        "session_data": ".eJxVjDkOwjAUBe_iGlnevhdK-pzB-t5wANlSnFSIu5NIKaCdmffexOO2Vr-NvPg5kSvh5PLLAsZnbodID2z3TmNv6zIHeiT0tINOPeXX7Wz_DiqOuq9jCAyi09qILFSSKmUZrLHKGgkgARkDx8vOnACH1hQtHUMEjabEzMnnC8dDNyU:1tz8ll:Yvmtcrsu09N3spQoPLuRcPyLTDm9IyWdMjL8B9CaxCk",
        "expire_date": "2025-04-14T06:37:13.691Z"
    }
},
{
    "model": "sessions.session",
    "pk": "pb1ua0hywce3v5zzrwdla8kz1dhpqtoh",
    "fields": {
        "session_data": ".eJxVjDsOwjAQBe_iGln-4B8lPWewdtc2DiBbipMKcXcSKQW0M_Pem0VYlxrXkec4JXZhhp1-GQI9c9tFekC7d069LfOEfE_4YQe_9ZRf16P9O6gw6rYWCDqAs8KBNdq4gN56ApeyJY8g0StbpAiiiAKKAkntN2DIIJ2lVuzzBdzON58:1uKsaV:-moz_tahAXvLfrKaXxj8e5ZeFf6o3M9L4fDquaS-jng",
        "expire_date": "2025-06-13T05:47:27.357Z"
    }
},
{
    "model": "authtoken.token",
    "pk": "0608068a5bbf4d0d3f900d6818b067bde9bf3fda",
    "fields": {
        "user": 6,
        "created": "2025-05-30T05:46:24.591Z"
    }
},
{
    "model": "users.customuser",
    "pk": 5,
    "fields": {
        "password": "pbkdf2_sha256$600000$Xu3yZg5e1bBxxQfsB5Uilx$MNpbqiRc8WB1wXbBLYC8TaMj2mIv2AwxUUu1O0W/RrA=",
        "last_login": "2025-05-30T05:47:27.348Z",
        "is_superuser": true,
        "email": "grachev613@gmail.com",
        "first_name": "",
        "last_name": "",
        "is_active": true,
        "is_staff": true,
        "date_joined": "2025-05-30T05:31:30.181Z",
        "groups": [],
        "user_permissions": []
    }
},
{
    "model": "users.customuser",
    "pk": 6,
    "fields": {
        "password": "pbkdf2_sha256$600000$iCQ0x6nseBJT2VMNIrutIr$3v5KobFqXsD1xqrb1JN5JGkGvC1M8RIeLyOXEFh3S+Q=",
        "last_login": "2025-05-30T05:46:24.599Z",
        "is_superuser": false,
        "email": "user1@mail.ru",
        "first_name": "",
        "last_name": "",
        "is_active": true,
        "is_staff": false,
        "date_joined": "2025-05-30T05:46:10.560Z",
        "groups": [],
        "user_permissions": []
    }
},
{
    "model": "core.category",
    "pk": 1,
    "fields": {
        "name": "Розы"
    }
},
{
    "model": "core.category",
    "pk": 2,
    "fields": {
        "name": "Пионы"
    }
},
{
    "model": "core.category",
    "pk": 3,
    "fields": {
        "name": "Ирисы"
    }
},
{
    "model": "core.typeproduct",
    "pk": 1,
    "fields": {
        "name": "День рождения",
        "slogan": "Вы запомните этот день",
        "image": "photos/b02f810efb0659083019de788798cade_JxmAthX.jpg"
    }
},
{
    "model": "core.typeproduct",
    "pk": 2,
    "fields": {
        "name": "Свадьба",
        "slogan": "Этот день бывает один раз...",
        "image": "photos/ce3bfe5ccb146152a6b40c1966abdb6f.jpg"
    }
},
{
    "model": "core.typeproduct",
    "pk": 3,
    "fields": {
        "name": "Свидание",
        "slogan": "Пусть ваша встреча будет незабываемой",
        "image": "photos/158619be5141ea78269bf6ca00e3d9f4.jpg"
    }
},
{
    "model": "core.productcard",
    "pk": 1,
    "fields": {
        "category": 1,
        "typeproduct": 1,
        "name": "Букет \"Сафари\" из лейко, роз, ранункулюсов, фрезий, скиммии и орнитагалума",
        "description": "Повседневная практика показывает, что сплочённость команды профессионалов выявляет срочную потребность глубокомысленных рассуждений. Идейные соображения высшего порядка, а также внедрение современных методик требует определения и уточнения как самодостаточных, так и внешне зависимых концептуальных решений. Повседневная практика показывает, что перспективное планирование создаёт предпосылки для соответствующих условий активизации.",
        "price": "12200.00",
        "created_at": "2025-03-31T06:51:50.504Z",
        "updated_at": "2025-03-31T06:51:50.504Z"
    }
},
{
    "model": "core.productcard",
    "pk": 2,
    "fields": {
        "category": 1,
        "typeproduct": 2,
        "name": "Букет \"Аманда\" из кустовых роз, диантусов, ирисов и эустом",
        "description": "Повседневная практика показывает, что сплочённость команды профессионалов выявляет срочную потребность глубокомысленных рассуждений. Идейные соображения высшего порядка, а также внедрение современных методик требует определения и уточнения как самодостаточных, так и внешне зависимых концептуальных решений. Повседневная практика показывает, что перспективное планирование создаёт предпосылки для соответствующих условий активизации.",
        "price": "3893.00",
        "created_at": "2025-03-31T06:53:43.220Z",
        "updated_at": "2025-03-31T06:53:43.220Z"
    }
},
{
    "model": "core.productcard",
    "pk": 3,
    "fields": {
        "category": 1,
        "typeproduct": 3,
        "name": "Букет из 15 кустовых малиновых роз",
        "description": "Повседневная практика показывает, что сплочённость команды профессионалов выявляет срочную потребность глубокомысленных рассуждений. Идейные соображения высшего порядка, а также внедрение современных методик требует определения и уточнения как самодостаточных, так и внешне зависимых концептуальных решений. Повседневная практика показывает, что перспективное планирование создаёт предпосылки для соответствующих условий активизации.",
        "price": "3456.00",
        "created_at": "2025-03-31T06:55:22.065Z",
        "updated_at": "2025-03-31T06:55:22.065Z"
    }
},
{
    "model": "core.productcard",
    "pk": 4,
    "fields": {
        "category": 2,
        "typeproduct": 1,
        "name": "Букет из пионов, маттиолы и гвоздик",
        "description": "Повседневная практика показывает, что сплочённость команды профессионалов выявляет срочную потребность глубокомысленных рассуждений. Идейные соображения высшего порядка, а также внедрение современных методик требует определения и уточнения как самодостаточных, так и внешне зависимых концептуальных решений. Повседневная практика показывает, что перспективное планирование создаёт предпосылки для соответствующих условий активизации.",
        "price": "8434.00",
        "created_at": "2025-03-31T06:58:20.225Z",
        "updated_at": "2025-03-31T06:58:20.225Z"
    }
},
{
    "model": "core.productcard",
    "pk": 5,
    "fields": {
        "category": 2,
        "typeproduct": 2,
        "name": "Букет пионов \"Моника\"",
        "description": "Повседневная практика показывает, что сплочённость команды профессионалов выявляет срочную потребность глубокомысленных рассуждений. Идейные соображения высшего порядка, а также внедрение современных методик требует определения и уточнения как самодостаточных, так и внешне зависимых концептуальных решений. Повседневная практика показывает, что перспективное планирование создаёт предпосылки для соответствующих условий активизации.",
        "price": "2134.00",
        "created_at": "2025-03-31T06:59:29.744Z",
        "updated_at": "2025-03-31T06:59:29.744Z"
    }
},
{
    "model": "core.productcard",
    "pk": 6,
    "fields": {
        "category": 2,
        "typeproduct": 3,
        "name": "Букет пионов с генистой (45 см)",
        "description": "Повседневная практика показывает, что сплочённость команды профессионалов выявляет срочную потребность глубокомысленных рассуждений. Идейные соображения высшего порядка, а также внедрение современных методик требует определения и уточнения как самодостаточных, так и внешне зависимых концептуальных решений. Повседневная практика показывает, что перспективное планирование создаёт предпосылки для соответствующих условий активизации.",
        "price": "2235.00",
        "created_at": "2025-03-31T07:00:45.851Z",
        "updated_at": "2025-03-31T07:00:45.851Z"
    }
},
{
    "model": "core.productcard",
    "pk": 7,
    "fields": {
        "category": 3,
        "typeproduct": 1,
        "name": "Букет \"Весна в душе\" из ирисов, роз и статицы",
        "description": "Повседневная практика показывает, что сплочённость команды профессионалов выявляет срочную потребность глубокомысленных рассуждений. Идейные соображения высшего порядка, а также внедрение современных методик требует определения и уточнения как самодостаточных, так и внешне зависимых концептуальных решений. Повседневная практика показывает, что перспективное планирование создаёт предпосылки для соответствующих условий активизации.",
        "price": "1982.00",
        "created_at": "2025-03-31T07:06:00.175Z",
        "updated_at": "2025-03-31T07:06:00.175Z"
    }
},
{
    "model": "core.productcard",
    "pk": 8,
    "fields": {
        "category": 3,
        "typeproduct": 2,
        "name": "Нежный букет из ирисов и ромашек",
        "description": "Повседневная практика показывает, что сплочённость команды профессионалов выявляет срочную потребность глубокомысленных рассуждений. Идейные соображения высшего порядка, а также внедрение современных методик требует определения и уточнения как самодостаточных, так и внешне зависимых концептуальных решений. Повседневная практика показывает, что перспективное планирование создаёт предпосылки для соответствующих условий активизации.",
        "price": "3234.00",
        "created_at": "2025-03-31T07:06:58.691Z",
        "updated_at": "2025-03-31T07:06:58.691Z"
    }
},
{
    "model": "core.productcard",
    "pk": 9,
    "fields": {
        "category": 3,
        "typeproduct": 3,
        "name": "Букет ирисов",
        "description": "Повседневная практика показывает, что сплочённость команды профессионалов выявляет срочную потребность глубокомысленных рассуждений. Идейные соображения высшего порядка, а также внедрение современных методик требует определения и уточнения как самодостаточных, так и внешне зависимых концептуальных решений. Повседневная практика показывает, что перспективное планирование создаёт предпосылки для соответствующих условий активизации.",
        "price": "3587.00",
        "created_at": "2025-03-31T07:07:55.290Z",
        "updated_at": "2025-03-31T07:07:55.290Z"
    }
},
{
    "model": "core.photo",
    "pk": 1,
    "fields": {
        "product": 1,
        "image": "photos/c75bcddfdf19e79d3d823dc22bfdb201.jpg"
    }
},
{
    "model": "core.photo",
    "pk": 2,
    "fields": {
        "product": 1,
        "image": "photos/e294291d2b242fffdb250f5f00642bdc.jpg"
    }
},
{
    "model": "core.photo",
    "pk": 3,
    "fields": {
        "product": 1,
        "image": "photos/fbc50e761f41f8cfc7a27c943f593d59.jpg"
    }
},
{
    "model": "core.photo",
    "pk": 4,
    "fields": {
        "product": 2,
        "image": "photos/8cb9797d1001467c90f335e238e93ebb.jpg"
    }
},
{
    "model": "core.photo",
    "pk": 5,
    "fields": {
        "product": 2,
        "image": "photos/07189ce5b1fe0e015ec250290f6e1e6e.jpg"
    }
},
{
    "model": "core.photo",
    "pk": 6,
    "fields": {
        "product": 2,
        "image": "photos/c75bcddfdf19e79d3d823dc22bfdb201_orIh466.jpg"
    }
},
{
    "model": "core.photo",
    "pk": 7,
    "fields": {
        "product": 2,
        "image": "photos/e294291d2b242fffdb250f5f00642bdc_9e6MOmx.jpg"
    }
},
{
    "model": "core.photo",
    "pk": 8,
    "fields": {
        "product": 3,
        "image": "photos/3ad386f3ae3d8224d4a07ce409d3a0c8.jpg"
    }
},
{
    "model": "core.photo",
    "pk": 9,
    "fields": {
        "product": 4,
        "image": "photos/b39accbd14bb5a37da8efcaa7d7db771.jpg"
    }
},
{
    "model": "core.photo",
    "pk": 10,
    "fields": {
        "product": 4,
        "image": "photos/d54541012e9172f8b3f0767d300fc3ac.jpg"
    }
},
{
    "model": "core.photo",
    "pk": 11,
    "fields": {
        "product": 4,
        "image": "photos/dad2e5c1fd019b2cc59ac33cb6a49a31.jpg"
    }
},
{
    "model": "core.photo",
    "pk": 12,
    "fields": {
        "product": 5,
        "image": "photos/5a502e0707daab708302cc0a4593985e.jpg"
    }
},
{
    "model": "core.photo",
    "pk": 13,
    "fields": {
        "product": 5,
        "image": "photos/81a52091547013956c95a1d79ea0293e.jpg"
    }
},
{
    "model": "core.photo",
    "pk": 14,
    "fields": {
        "product": 5,
        "image": "photos/d0fedd0a3d29723b3b31fa210a785e4e.jpg"
    }
},
{
    "model": "core.photo",
    "pk": 15,
    "fields": {
        "product": 6,
        "image": "photos/dd7438d7aeb824ca29d75e2f3adbfcd0.JPG"
    }
},
{
    "model": "core.photo",
    "pk": 16,
    "fields": {
        "product": 7,
        "image": "photos/a9e1695eb8b170dafaca06ec2e6848d8.jpg"
    }
},
{
    "model": "core.photo",
    "pk": 17,
    "fields": {
        "product": 7,
        "image": "photos/c1b842fe486ffc0253b33eb580e9180c.jpg"
    }
},
{
    "model": "core.photo",
    "pk": 18,
    "fields": {
        "product": 7,
        "image": "photos/ebedcb8aa0a7a562bc1ce463b6abad3b.jpg"
    }
},
{
    "model": "core.photo",
    "pk": 19,
    "fields": {
        "product": 8,
        "image": "photos/28039e866eb46353d2dc6fb7ddcfe88f.jpg"
    }
},
{
    "model": "core.photo",
    "pk": 20,
    "fields": {
        "product": 8,
        "image": "photos/a9e1695eb8b170dafaca06ec2e6848d8_q6gloEb.jpg"
    }
},
{
    "model": "core.photo",
    "pk": 21,
    "fields": {
        "product": 8,
        "image": "photos/c1b842fe486ffc0253b33eb580e9180c_L9rYBU1.jpg"
    }
},
{
    "model": "core.photo",
    "pk": 22,
    "fields": {
        "product": 9,
        "image": "photos/28039e866eb46353d2dc6fb7ddcfe88f_43tAkm2.jpg"
    }
},
{
    "model": "core.photo",
    "pk": 23,
    "fields": {
        "product": 9,
        "image": "photos/a9e1695eb8b170dafaca06ec2e6848d8_o3t8gWY.jpg"
    }
},
{
    "model": "core.photo",
    "pk": 24,
    "fields": {
        "product": 9,
        "image": "photos/b50fa98ff22ee43ede4e03fd0cb9ecb7.jpg"
    }
},
{
    "model": "core.basket",
    "pk": 5,
    "fields": {
        "user": 6,
        "product": 4,
        "quantity": 4,
        "added_at": "2025-05-30T05:47:43.334Z"
    }
},
{
    "model": "assets.logo",
    "pk": 1,
    "fields": {
        "image": "photos/logo.webp",
        "link": "/"
    }
},
{
    "model": "assets.menutop",
    "pk": 2,
    "fields": {
        "name": "Главная",
        "link": "/"
    }
},
{
    "model": "assets.menutop",
    "pk": 3,
    "fields": {
        "name": "Каталог",
        "link": "/catalog"
    }
},
{
    "model": "assets.menutop",
    "pk": 4,
    "fields": {
        "name": "Галерея",
        "link": "/gallery"
    }
},
{
    "model": "assets.menutop",
    "pk": 5,
    "fields": {
        "name": "Войти",
        "link": "/login"
    }
},
{
    "model": "assets.menudown",
    "pk": 1,
    "fields": {
        "name": "О нас",
        "link": "/about"
    }
},
{
    "model": "assets.menudown",
    "pk": 2,
    "fields": {
        "name": "Где мы находимся",
        "link": "/location"
    }
},
{
    "model": "assets.carousel",
    "pk": 1,
    "fields": {
        "title": "Вы должны быть счастливы!!!",
        "image": "photos/0fb8ac87b35ed9d7653063c38007c142_2wfCbb2.jpg"
    }
},
{
    "model": "assets.carousel",
    "pk": 2,
    "fields": {
        "title": "Пусть это будет лучший день!",
        "image": "photos/00ff1350f2927bfb386c9ba89202f74b_LiVAScQ.jpg"
    }
},
{
    "model": "assets.carousel",
    "pk": 3,
    "fields": {
        "title": "Она запомнит эту ночь...",
        "image": "photos/158619be5141ea78269bf6ca00e3d9f4_Fre4vXo.jpg"
    }
},
{
    "model": "assets.carousel",
    "pk": 4,
    "fields": {
        "title": "Это бывает раз в жизни...",
        "image": "photos/b02f810efb0659083019de788798cade_PhZrLZ3.jpg"
    }
}
]
